{
    "rmse": 0.8218025853054449,
    "mae": 0.6856843783318189
}